Workbook
Name PointsChartData: OFFSET('[1]Chart Data'!$A$1,0,0,'[1]Chart Data'!$M$2+1,5)
Name RankingsChartData: OFFSET('[1]Chart Data'!$G$1,0,0,'[1]Chart Data'!$M$2+1,5)

Sheet Teams
A1: Team | B1: Player
A2: Jordan Potter | B2: Charlie Davis
A3: Jordan Potter | B3: Joe Hunter
A4: Jordan Potter | B4: Christian Hubicki
A5: Jordan Potter | B5: Savannah Louie
A6: Jordan Potter | B6: Stephenie LaGrossa
A7: Lottie Smith | B7: Colby Donaldson
A8: Lottie Smith | B8: Oscar Lusth
A9: Lottie Smith | B9: Aubry Bracco
A10: Lottie Smith | B10: Mike White
A11: Lottie Smith | B11: Tiffany Ervin
A12: Corn HoleSanders | B12: Genevieve Mushaluk
... A21: Christopher Smith | B21: Dianelys Valladares

Sheet Placements
A1: Player | B1: Placement | C1: Episode | D1: Team | E1: Base Points | F1: Top3 Bonus | G1: Winner Bonus | H1: Total Points
A2: Charlie Davis | B2: =IFERROR(IF(VLOOKUP(A2,'Placements (2)'!$A$2:$C$25,2,FALSE)="","",VLOOKUP(A2,'Placements (2)'!$A$2:$C$25,2,FALSE)),"") -> 18 | C2: =IFERROR(IF(VLOOKUP(A2,'Placements (2)'!$A$2:$C$25,3,FALSE)="","",VLOOKUP(A2,'Placements (2)'!$A$2:$C$25,3,FALSE)),"") -> 5 | D2: Jordan Potter | E2: =IF(B2<>"",25-B2,"") -> 7 | F2: =IF(B2<>"",IF(B2<=3,10,0),"") -> 0 | G2: =IF(B2<>"",IF(B2=1,10,0),"") -> 0 | H2: =IF(B2<>"",E2+F2+G2,"") -> 7
A3: Joe Hunter | B3: =IFERROR(IF(VLOOKUP(A3,'Placements (2)'!$A$2:$C$25,2,FALSE)="","",VLOOKUP(A3,'Placements (2)'!$A$2:$C$25,2,FALSE)),"") -> 3 | C3: =IFERROR(IF(VLOOKUP(A3,'Placements (2)'!$A$2:$C$25,3,FALSE)="","",VLOOKUP(A3,'Placements (2)'!$A$2:$C$25,3,FALSE)),"") -> 13 | D3: Jordan Potter | E3: =IF(B3<>"",25-B3,"") -> 22 | F3: =IF(B3<>"",IF(B3<=3,10,0),"") -> 10 | G3: =IF(B3<>"",IF(B3=1,10,0),"") -> 0 | H3: =IF(B3<>"",E3+F3+G3,"") -> 32
A4: Christian Hubicki | B4: =IFERROR(IF(VLOOKUP(A4,'Placements (2)'!$A$2:$C$25,2,FALSE)="","",VLOOKUP(A4,'Placements (2)'!$A$2:$C$25,2,FALSE)),"") -> 11 | C4: =IFERROR(IF(VLOOKUP(A4,'Placements (2)'!$A$2:$C$25,3,FALSE)="","",VLOOKUP(A4,'Placements (2)'!$A$2:$C$25,3,FALSE)),"") -> 9 | D4: Jordan Potter | E4: =IF(B4<>"",25-B4,"") -> 14 | F4: =IF(B4<>"",IF(B4<=3,10,0),"") -> 0 | G4: =IF(B4<>"",IF(B4=1,10,0),"") -> 0 | H4: =IF(B4<>"",E4+F4+G4,"") -> 14
A5: Savannah Louie | B5: =IFERROR(IF(VLOOKUP(A5,'Placements (2)'!$A$2:$C$25,2,FALSE)="","",VLOOKUP(A5,'Placements (2)'!$A$2:$C$25,2,FALSE)),"") -> 22 | C5: =IFERROR(IF(VLOOKUP(A5,'Placements (2)'!$A$2:$C$25,3,FALSE)="","",VLOOKUP(A5,'Placements (2)'!$A$2:$C$25,3,FALSE)),"") -> 2 | D5: Jordan Potter | E5: =IF(B5<>"",25-B5,"") -> 3 | F5: =IF(B5<>"",IF(B5<=3,10,0),"") -> 0 | G5: =IF(B5<>"",IF(B5=1,10,0),"") -> 0 | H5: =IF(B5<>"",E5+F5+G5,"") -> 3
A6: Stephenie LaGrossa | B6: =IFERROR(IF(VLOOKUP(A6,'Placements (2)'!$A$2:$C$25,2,FALSE)="","",VLOOKUP(A6,'Placements (2)'!$A$2:$C$25,2,FALSE)),"") -> 10 | C6: =IFERROR(IF(VLOOKUP(A6,'Placements (2)'!$A$2:$C$25,3,FALSE)="","",VLOOKUP(A6,'Placements (2)'!$A$2:$C$25,3,FALSE)),"") -> 10 | D6: Jordan Potter | E6: =IF(B6<>"",25-B6,"") -> 15 | F6: =IF(B6<>"",IF(B6<=3,10,0),"") -> 0 | G6: =IF(B6<>"",IF(B6=1,10,0),"") -> 0 | H6: =IF(B6<>"",E6+F6+G6,"") -> 15
A7: Colby Donaldson | B7: =IFERROR(IF(VLOOKUP(A7,'Placements (2)'!$A$2:$C$25,2,FALSE)="","",VLOOKUP(A7,'Placements (2)'!$A$2:$C$25,2,FALSE)),"") -> 15 | C7: =IFERROR(IF(VLOOKUP(A7,'Placements (2)'!$A$2:$C$25,3,FALSE)="","",VLOOKUP(A7,'Placements (2)'!$A$2:$C$25,3,FALSE)),"") -> 6 | D7: Lottie Smith | E7: =IF(B7<>"",25-B7,"") -> 10 | F7: =IF(B7<>"",IF(B7<=3,10,0),"") -> 0 | G7: =IF(B7<>"",IF(B7=1,10,0),"") -> 0 | H7: =IF(B7<>"",E7+F7+G7,"") -> 10
A8: Oscar Lusth | B8: =IFERROR(IF(VLOOKUP(A8,'Placements (2)'!$A$2:$C$25,2,FALSE)="","",VLOOKUP(A8,'Placements (2)'!$A$2:$C$25,2,FALSE)),"") -> 8 | C8: =IFERROR(IF(VLOOKUP(A8,'Placements (2)'!$A$2:$C$25,3,FALSE)="","",VLOOKUP(A8,'Placements (2)'!$A$2:$C$25,3,FALSE)),"") -> 11 | D8: Lottie Smith | E8: =IF(B8<>"",25-B8,"") -> 17 | F8: =IF(B8<>"",IF(B8<=3,10,0),"") -> 0 | G8: =IF(B8<>"",IF(B8=1,10,0),"") -> 0 | H8: =IF(B8<>"",E8+F8+G8,"") -> 17
A9: Aubry Bracco | B9: =IFERROR(IF(VLOOKUP(A9,'Placements (2)'!$A$2:$C$25,2,FALSE)="","",VLOOKUP(A9,'Placements (2)'!$A$2:$C$25,2,FALSE)),"") -> 1 | C9: =IFERROR(IF(VLOOKUP(A9,'Placements (2)'!$A$2:$C$25,3,FALSE)="","",VLOOKUP(A9,'Placements (2)'!$A$2:$C$25,3,FALSE)),"") -> 13 | D9: Lottie Smith | E9: =IF(B9<>"",25-B9,"") -> 24 | F9: =IF(B9<>"",IF(B9<=3,10,0),"") -> 10 | G9: =IF(B9<>"",IF(B9=1,10,0),"") -> 10 | H9: =IF(B9<>"",E9+F9+G9,"") -> 44
A10: Mike White | B10: =IFERROR(IF(VLOOKUP(A10,'Placements (2)'!$A$2:$C$25,2,FALSE)="","",VLOOKUP(A10,'Placements (2)'!$A$2:$C$25,2,FALSE)),"") -> 20 | C10: =IFERROR(IF(VLOOKUP(A10,'Placements (2)'!$A$2:$C$25,3,FALSE)="","",VLOOKUP(A10,'Placements (2)'!$A$2:$C$25,3,FALSE)),"") -> 4 | D10: Lottie Smith | E10: =IF(B10<>"",25-B10,"") -> 5 | F10: =IF(B10<>"",IF(B10<=3,10,0),"") -> 0 | G10: =IF(B10<>"",IF(B10=1,10,0),"") -> 0 | H10: =IF(B10<>"",E10+F10+G10,"") -> 5
A11: Tiffany Ervin | B11: =IFERROR(IF(VLOOKUP(A11,'Placements (2)'!$A$2:$C$25,2,FALSE)="","",VLOOKUP(A11,'Placements (2)'!$A$2:$C$25,2,FALSE)),"") -> 5 | C11: =IFERROR(IF(VLOOKUP(A11,'Placements (2)'!$A$2:$C$25,3,FALSE)="","",VLOOKUP(A11,'Placements (2)'!$A$2:$C$25,3,FALSE)),"") -> 13 | D11: Lottie Smith | E11: =IF(B11<>"",25-B11,"") -> 20 | F11: =IF(B11<>"",IF(B11<=3,10,0),"") -> 0 | G11: =IF(B11<>"",IF(B11=1,10,0),"") -> 0 | H11: =IF(B11<>"",E11+F11+G11,"") -> 20
A12: Genevieve Mushaluk | B12: =IFERROR(IF(VLOOKUP(A12,'Placements (2)'!$A$2:$C$25,2,FALSE)="","",VLOOKUP(A12,'Placements (2)'!$A$2:$C$25,2,FALSE)),"") -> 15 | C12: =IFERROR(IF(VLOOKUP(A12,'Placements (2)'!$A$2:$C$25,3,FALSE)="","",VLOOKUP(A12,'Placements (2)'!$A$2:$C$25,3,FALSE)),"") -> 6 | D12: Corn HoleSanders | E12: =IF(B12<>"",25-B12,"") -> 10 | F12: =IF(B12<>"",IF(B12<=3,10,0),"") -> 0 | G12: =IF(B12<>"",IF(B12=1,10,0),"") -> 0 | H12: =IF(B12<>"",E12+F12+G12,"") -> 10
A13: Kamilla Karthigesu | B13: =IFERROR(IF(VLOOKUP(A13,'Placements (2)'!$A$2:$C$25,2,FALSE)="","",VLOOKUP(A13,'Placements (2)'!$A$2:$C$25,2,FALSE)),"") -> 15 | C13: =IFERROR(IF(VLOOKUP(A13,'Placements (2)'!$A$2:$C$25,3,FALSE)="","",VLOOKUP(A13,'Placements (2)'!$A$2:$C$25,3,FALSE)),"") -> 6 | D13: Corn HoleSanders | E13: =IF(B13<>"",25-B13,"") -> 10 | F13: =IF(B13<>"",IF(B13<=3,10,0),"") -> 0 | G13: =IF(B13<>"",IF(B13=1,10,0),"") -> 0 | H13: =IF(B13<>"",E13+F13+G13,"") -> 10
... A21: Dianelys Valladares | B21: =IFERROR(IF(VLOOKUP(A21,'Placements (2)'!$A$2:$C$25,2,FALSE)="","",VLOOKUP(A21,'Placements (2)'!$A$2:$C$25,2,FALSE)),"") -> 14 | C21: =IFERROR(IF(VLOOKUP(A21,'Placements (2)'!$A$2:$C$25,3,FALSE)="","",VLOOKUP(A21,'Placements (2)'!$A$2:$C$25,3,FALSE)),"") -> 7 | D21: Christopher Smith | E21: =IF(B21<>"",25-B21,"") -> 11 | F21: =IF(B21<>"",IF(B21<=3,10,0),"") -> 0 | G21: =IF(B21<>"",IF(B21=1,10,0),"") -> 0 | H21: =IF(B21<>"",E21+F21+G21,"") -> 11

Sheet Golden Snitch
A1: Team | B1: Predicted Winner | C1: Snitch Bonus
A2: Jordan Potter | B2: Charlie Davis | C2: =IF(B2<>"",IF(VLOOKUP(B2,Placements!$A:$B,2,FALSE)=1,25,0),"") -> 0
A3: Lottie Smith | B3: Aubry Bracco | C3: =IF(B3<>"",IF(VLOOKUP(B3,Placements!$A:$B,2,FALSE)=1,25,0),"") -> 25
A4: Corn HoleSanders | B4: Rick Devens | C4: =IF(B4<>"",IF(VLOOKUP(B4,Placements!$A:$B,2,FALSE)=1,25,0),"") -> 0
A5: Christopher Smith | B5: Jonathan Young | C5: =IF(B5<>"",IF(VLOOKUP(B5,Placements!$A:$B,2,FALSE)=1,25,0),"") -> 0

Sheet Scores
A1: Team | B1: Player Points | C1: Snitch Bonus | D1: Total Points
A2: Jordan Potter | B2: =SUMIFS(Placements!$H:$H,Placements!$D:$D,"Jordan Potter") -> 71 | C2: =VLOOKUP("Jordan Potter",'Golden Snitch'!$A:$C,3,FALSE) -> 0 | D2: =B2+C2 -> 71
A3: Lottie Smith | B3: =SUMIFS(Placements!$H:$H,Placements!$D:$D,"Lottie Smith") -> 96 | C3: =VLOOKUP("Lottie Smith",'Golden Snitch'!$A:$C,3,FALSE) -> 25 | D3: =B3+C3 -> 121
A4: Corn HoleSanders | B4: =SUMIFS(Placements!$H:$H,Placements!$D:$D,"Corn HoleSanders") -> 55 | C4: =VLOOKUP("Corn HoleSanders",'Golden Snitch'!$A:$C,3,FALSE) -> 0 | D4: =B4+C4 -> 55
A5: Christopher Smith | B5: =SUMIFS(Placements!$H:$H,Placements!$D:$D,"Christopher Smith") -> 91 | C5: =VLOOKUP("Christopher Smith",'Golden Snitch'!$A:$C,3,FALSE) -> 0 | D5: =B5+C5 -> 91

Sheet Dashboard
A1: 🏆 CURRENT STANDINGS | I1: 📋 TEAM ROSTERS
A2: Rank | B2: Team | C2: Player Points | D2: Snitch Bonus | E2: Total Points | F2: Power Rank | I2: {=INDEX(_xlfn.UNIQUE(Teams!A2:A21),1)} -> Jordan Potter | J2: {=INDEX(_xlfn.UNIQUE(Teams!A2:A21),2)} -> Lottie Smith
A3: 🥇 1st | B3: {=INDEX(_xlfn.SORTBY(Scores!A2:A5,Scores!D2:D5,-1),1)} -> Lottie Smith | C3: {=INDEX(_xlfn.SORTBY(Scores!B2:B5,Scores!D2:D5,-1),1)} -> 96 | D3: {=INDEX(_xlfn.SORTBY(Scores!C2:C5,Scores!D2:D5,-1),1)} -> 25 | E3: {=INDEX(_xlfn.SORTBY(Scores!D2:D5,Scores!D2:D5,-1),1)} -> 121 | F3: =CHOOSE(RANK(VLOOKUP(B3,$C$10:$D$13,2,FALSE),$D$10:$D$13,0),"🔥 #1","💪 #2","📈 #3","📉 #4") -> 🔥 #1 | I3: {=_xlfn.MAP(_xlfn._xlws.FILTER(Teams!B2:B21,Teams!A2:A21=I2),_xlfn.LAMBDA(_xlpm.p,_xlpm.p&IF(ISNUMBER(VLOOKUP(_xlpm.p,Placements!A:B,2,FALSE))," ❌"," ✅")))} -> Charlie Davis ❌ | J3: {=_xlfn.MAP(_xlfn._xlws.FILTER(Teams!B2:B21,Teams!A2:A21=J2),_xlfn.LAMBDA(_xlpm.p,_xlpm.p&IF(ISNUMBER(VLOOKUP(_xlpm.p,Placements!A:B,2,FALSE))," ❌"," ✅")))} -> Colby Donaldson ❌
A4: 🥈 2nd | B4: {=INDEX(_xlfn.SORTBY(Scores!A2:A5,Scores!D2:D5,-1),2)} -> Christopher Smith | C4: {=INDEX(_xlfn.SORTBY(Scores!B2:B5,Scores!D2:D5,-1),2)} -> 91 | D4: {=INDEX(_xlfn.SORTBY(Scores!C2:C5,Scores!D2:D5,-1),2)} -> 0 | E4: {=INDEX(_xlfn.SORTBY(Scores!D2:D5,Scores!D2:D5,-1),2)} -> 91 | F4: =CHOOSE(RANK(VLOOKUP(B4,$C$10:$D$13,2,FALSE),$D$10:$D$13,0),"🔥 #1","💪 #2","📈 #3","📉 #4") -> 💪 #2 | I4: Joe Hunter ❌ | J4: Oscar Lusth ❌
A5: 🥉 3rd | B5: {=INDEX(_xlfn.SORTBY(Scores!A2:A5,Scores!D2:D5,-1),3)} -> Jordan Potter | C5: {=INDEX(_xlfn.SORTBY(Scores!B2:B5,Scores!D2:D5,-1),3)} -> 71 | D5: {=INDEX(_xlfn.SORTBY(Scores!C2:C5,Scores!D2:D5,-1),3)} -> 0 | E5: {=INDEX(_xlfn.SORTBY(Scores!D2:D5,Scores!D2:D5,-1),3)} -> 71 | F5: =CHOOSE(RANK(VLOOKUP(B5,$C$10:$D$13,2,FALSE),$D$10:$D$13,0),"🔥 #1","💪 #2","📈 #3","📉 #4") -> 📈 #3 | I5: Christian Hubicki ❌ | J5: Aubry Bracco ❌
A6: 4th | B6: {=INDEX(_xlfn.SORTBY(Scores!A2:A5,Scores!D2:D5,-1),4)} -> Corn HoleSanders | C6: {=INDEX(_xlfn.SORTBY(Scores!B2:B5,Scores!D2:D5,-1),4)} -> 55 | D6: {=INDEX(_xlfn.SORTBY(Scores!C2:C5,Scores!D2:D5,-1),4)} -> 0 | E6: {=INDEX(_xlfn.SORTBY(Scores!D2:D5,Scores!D2:D5,-1),4)} -> 55 | F6: =CHOOSE(RANK(VLOOKUP(B6,$C$10:$D$13,2,FALSE),$D$10:$D$13,0),"🔥 #1","💪 #2","📈 #3","📉 #4") -> 📉 #4 | I6: Savannah Louie ❌ | J6: Mike White ❌
I7: Stephenie LaGrossa ❌ | J7: Tiffany Ervin ❌
A8: 📊 Live Stats | C8: 🏆 Team Status
A9: Current Episode: | B9: =MAX(Placements!C2:C21) -> 13 | C9: Team | D9: Potential Pts | E9: Active | F9: Out | I9: {=INDEX(_xlfn.UNIQUE(Teams!A2:A21),3)} -> Corn HoleSanders | J9: {=INDEX(_xlfn.UNIQUE(Teams!A2:A21),4)} -> Christopher Smith
A10: Players Eliminated: | B10: =COUNTIFS(Placements!B2:B21,"<>") -> 20 | C10: {=_xlfn.LET(_xlpm.t,Scores!A2:A5,_xlpm.p,_xlfn.BYROW(_xlpm.t,_xlfn.LAMBDA(_xlpm.x,VLOOKUP(_xlpm.x,Scores!A:D,4,FALSE)+COUNTIFS(Placements!D2:D21,_xlpm.x,Placements!B2:B21,"")*25-COUNTIFS(Placements!D2:D21,_xlpm.x,Placements!B2:B21,"")*(COUNTIFS(Placements!D2:D21,_xlpm.x,Placements!B2:B21,"")+1)/2+IF(ISNUMBER(VLOOKUP(VLOOKUP(_xlpm.x,'Golden Snitch'!A:B,2,FALSE),Placements!A:B,2,FALSE)),0,25))),INDEX(_xlfn.SORTBY(_xlpm.t,_xlpm.p,-1),1))} -> Lottie Smith | D10: =VLOOKUP(C10,Scores!A:D,4,FALSE)+COUNTIFS(Placements!D2:D21,C10,Placements!B2:B21,"")*25-COUNTIFS(Placements!D2:D21,C10,Placements!B2:B21,"")*(COUNTIFS(Placements!D2:D21,C10,Placements!B2:B21,"")+1)/2+IF(ISNUMBER(VLOOKUP(VLOOKUP(C10,'Golden Snitch'!A:B,2,FALSE),Placements!A:B,2,FALSE)),0,25) -> 121 | E10: =COUNTIFS(Placements!D2:D21,C10,Placements!B2:B21,"") -> 0 | F10: =COUNTIFS(Placements!D2:D21,C10,Placements!B2:B21,"<>") -> 5 | I10: {=_xlfn.MAP(_xlfn._xlws.FILTER(Teams!B2:B21,Teams!A2:A21=I9),_xlfn.LAMBDA(_xlpm.p,_xlpm.p&IF(ISNUMBER(VLOOKUP(_xlpm.p,Placements!A:B,2,FALSE))," ❌"," ✅")))} -> Genevieve Mushaluk ❌ | J10: {=_xlfn.MAP(_xlfn._xlws.FILTER(Teams!B2:B21,Teams!A2:A21=J9),_xlfn.LAMBDA(_xlpm.p,_xlpm.p&IF(ISNUMBER(VLOOKUP(_xlpm.p,Placements!A:B,2,FALSE))," ❌"," ✅")))} -> Jonathan Young ❌
A11: Players Remaining: | B11: =COUNTIFS(Placements!B2:B21,"") -> 0 | C11: {=_xlfn.LET(_xlpm.t,Scores!A2:A5,_xlpm.p,_xlfn.BYROW(_xlpm.t,_xlfn.LAMBDA(_xlpm.x,VLOOKUP(_xlpm.x,Scores!A:D,4,FALSE)+COUNTIFS(Placements!D2:D21,_xlpm.x,Placements!B2:B21,"")*25-COUNTIFS(Placements!D2:D21,_xlpm.x,Placements!B2:B21,"")*(COUNTIFS(Placements!D2:D21,_xlpm.x,Placements!B2:B21,"")+1)/2+IF(ISNUMBER(VLOOKUP(VLOOKUP(_xlpm.x,'Golden Snitch'!A:B,2,FALSE),Placements!A:B,2,FALSE)),0,25))),INDEX(_xlfn.SORTBY(_xlpm.t,_xlpm.p,-1),2))} -> Christopher Smith | D11: =VLOOKUP(C11,Scores!A:D,4,FALSE)+COUNTIFS(Placements!D2:D21,C11,Placements!B2:B21,"")*25-COUNTIFS(Placements!D2:D21,C11,Placements!B2:B21,"")*(COUNTIFS(Placements!D2:D21,C11,Placements!B2:B21,"")+1)/2+IF(ISNUMBER(VLOOKUP(VLOOKUP(C11,'Golden Snitch'!A:B,2,FALSE),Placements!A:B,2,FALSE)),0,25) -> 91 | E11: =COUNTIFS(Placements!D2:D21,C11,Placements!B2:B21,"") -> 0 | F11: =COUNTIFS(Placements!D2:D21,C11,Placements!B2:B21,"<>") -> 5 | I11: Kamilla Karthigesu ❌ | J11: Angelina Keeley ❌
A12: Top Elim Score: | B12: =INDEX(Placements!A2:A21,MATCH(MAX(Placements!H2:H21),Placements!H2:H21,0))&" - "&MAX(Placements!H2:H21)&" pts" -> Aubry Bracco - 44 pts | C12: {=_xlfn.LET(_xlpm.t,Scores!A2:A5,_xlpm.p,_xlfn.BYROW(_xlpm.t,_xlfn.LAMBDA(_xlpm.x,VLOOKUP(_xlpm.x,Scores!A:D,4,FALSE)+COUNTIFS(Placements!D2:D21,_xlpm.x,Placements!B2:B21,"")*25-COUNTIFS(Placements!D2:D21,_xlpm.x,Placements!B2:B21,"")*(COUNTIFS(Placements!D2:D21,_xlpm.x,Placements!B2:B21,"")+1)/2+IF(ISNUMBER(VLOOKUP(VLOOKUP(_xlpm.x,'Golden Snitch'!A:B,2,FALSE),Placements!A:B,2,FALSE)),0,25))),INDEX(_xlfn.SORTBY(_xlpm.t,_xlpm.p,-1),3))} -> Jordan Potter | D12: =VLOOKUP(C12,Scores!A:D,4,FALSE)+COUNTIFS(Placements!D2:D21,C12,Placements!B2:B21,"")*25-COUNTIFS(Placements!D2:D21,C12,Placements!B2:B21,"")*(COUNTIFS(Placements!D2:D21,C12,Placements!B2:B21,"")+1)/2+IF(ISNUMBER(VLOOKUP(VLOOKUP(C12,'Golden Snitch'!A:B,2,FALSE),Placements!A:B,2,FALSE)),0,25) -> 71 | E12: =COUNTIFS(Placements!D2:D21,C12,Placements!B2:B21,"") -> 0 | F12: =COUNTIFS(Placements!D2:D21,C12,Placements!B2:B21,"<>") -> 5 | I12: Quintavius Burdette ❌ | J12: Cirie Fields ❌
A13: Points Spread: | B13: =E3-E6 -> 66 | C13: {=_xlfn.LET(_xlpm.t,Scores!A2:A5,_xlpm.p,_xlfn.BYROW(_xlpm.t,_xlfn.LAMBDA(_xlpm.x,VLOOKUP(_xlpm.x,Scores!A:D,4,FALSE)+COUNTIFS(Placements!D2:D21,_xlpm.x,Placements!B2:B21,"")*25-COUNTIFS(Placements!D2:D21,_xlpm.x,Placements!B2:B21,"")*(COUNTIFS(Placements!D2:D21,_xlpm.x,Placements!B2:B21,"")+1)/2+IF(ISNUMBER(VLOOKUP(VLOOKUP(_xlpm.x,'Golden Snitch'!A:B,2,FALSE),Placements!A:B,2,FALSE)),0,25))),INDEX(_xlfn.SORTBY(_xlpm.t,_xlpm.p,-1),4))} -> Corn HoleSanders | D13: =VLOOKUP(C13,Scores!A:D,4,FALSE)+COUNTIFS(Placements!D2:D21,C13,Placements!B2:B21,"")*25-COUNTIFS(Placements!D2:D21,C13,Placements!B2:B21,"")*(COUNTIFS(Placements!D2:D21,C13,Placements!B2:B21,"")+1)/2+IF(ISNUMBER(VLOOKUP(VLOOKUP(C13,'Golden Snitch'!A:B,2,FALSE),Placements!A:B,2,FALSE)),0,25) -> 55 | E13: =COUNTIFS(Placements!D2:D21,C13,Placements!B2:B21,"") -> 0 | F13: =COUNTIFS(Placements!D2:D21,C13,Placements!B2:B21,"<>") -> 5 | I13: Rick Devens ❌ | J13: Rizo Velovic ❌
I14: Benjamin Wade ❌ | J14: Dianelys Valladares ❌
A15: 🔥 Recent Eliminations | E15: 🔮 Golden Snitch
A16: Player | B16: Team | C16: Episode | D16: Points | E16: Team | F16: Predicted Winner | G16: Still In?
A17: {=IFERROR(INDEX(_xlfn.SORTBY(_xlfn._xlws.FILTER(Placements!A2:A21,Placements!B2:B21<>""),_xlfn._xlws.FILTER(Placements!C2:C21,Placements!B2:B21<>""),-1,_xlfn._xlws.FILTER(Placements!B2:B21,Placements!B2:B21<>""),1),1),"")} -> Aubry Bracco | B17: {=IFERROR(INDEX(_xlfn.SORTBY(_xlfn._xlws.FILTER(Placements!D2:D21,Placements!B2:B21<>""),_xlfn._xlws.FILTER(Placements!C2:C21,Placements!B2:B21<>""),-1,_xlfn._xlws.FILTER(Placements!B2:B21,Placements!B2:B21<>""),1),1),"")} -> Lottie Smith | C17: {=IFERROR(INDEX(_xlfn.SORTBY(_xlfn._xlws.FILTER(Placements!C2:C21,Placements!B2:B21<>""),_xlfn._xlws.FILTER(Placements!C2:C21,Placements!B2:B21<>""),-1,_xlfn._xlws.FILTER(Placements!B2:B21,Placements!B2:B21<>""),1),1),"")} -> 13 | D17: {=IFERROR(INDEX(_xlfn.SORTBY(_xlfn._xlws.FILTER(Placements!H2:H21,Placements!B2:B21<>""),_xlfn._xlws.FILTER(Placements!C2:C21,Placements!B2:B21<>""),-1,_xlfn._xlws.FILTER(Placements!B2:B21,Placements!B2:B21<>""),1),1),"")} -> 44 | E17: ='Golden Snitch'!A2 -> Jordan Potter | F17: ='Golden Snitch'!B2 -> Charlie Davis | G17: =IF(ISNUMBER(VLOOKUP(F17,Placements!A:B,2,FALSE)),"❌ Out","✅ Yes") -> ❌ Out
A18: {=IFERROR(INDEX(_xlfn.SORTBY(_xlfn._xlws.FILTER(Placements!A2:A21,Placements!B2:B21<>""),_xlfn._xlws.FILTER(Placements!C2:C21,Placements!B2:B21<>""),-1,_xlfn._xlws.FILTER(Placements!B2:B21,Placements!B2:B21<>""),1),2),"")} -> Jonathan Young | B18: {=IFERROR(INDEX(_xlfn.SORTBY(_xlfn._xlws.FILTER(Placements!D2:D21,Placements!B2:B21<>""),_xlfn._xlws.FILTER(Placements!C2:C21,Placements!B2:B21<>""),-1,_xlfn._xlws.FILTER(Placements!B2:B21,Placements!B2:B21<>""),1),2),"")} -> Christopher Smith | C18: {=IFERROR(INDEX(_xlfn.SORTBY(_xlfn._xlws.FILTER(Placements!C2:C21,Placements!B2:B21<>""),_xlfn._xlws.FILTER(Placements!C2:C21,Placements!B2:B21<>""),-1,_xlfn._xlws.FILTER(Placements!B2:B21,Placements!B2:B21<>""),1),2),"")} -> 13 | D18: {=IFERROR(INDEX(_xlfn.SORTBY(_xlfn._xlws.FILTER(Placements!H2:H21,Placements!B2:B21<>""),_xlfn._xlws.FILTER(Placements!C2:C21,Placements!B2:B21<>""),-1,_xlfn._xlws.FILTER(Placements!B2:B21,Placements!B2:B21<>""),1),2),"")} -> 33 | E18: ='Golden Snitch'!A3 -> Lottie Smith | F18: ='Golden Snitch'!B3 -> Aubry Bracco | G18: =IF(ISNUMBER(VLOOKUP(F18,Placements!A:B,2,FALSE)),"❌ Out","✅ Yes") -> ❌ Out
A19: {=IFERROR(INDEX(_xlfn.SORTBY(_xlfn._xlws.FILTER(Placements!A2:A21,Placements!B2:B21<>""),_xlfn._xlws.FILTER(Placements!C2:C21,Placements!B2:B21<>""),-1,_xlfn._xlws.FILTER(Placements!B2:B21,Placements!B2:B21<>""),1),3),"")} -> Joe Hunter | B19: {=IFERROR(INDEX(_xlfn.SORTBY(_xlfn._xlws.FILTER(Placements!D2:D21,Placements!B2:B21<>""),_xlfn._xlws.FILTER(Placements!C2:C21,Placements!B2:B21<>""),-1,_xlfn._xlws.FILTER(Placements!B2:B21,Placements!B2:B21<>""),1),3),"")} -> Jordan Potter | C19: {=IFERROR(INDEX(_xlfn.SORTBY(_xlfn._xlws.FILTER(Placements!C2:C21,Placements!B2:B21<>""),_xlfn._xlws.FILTER(Placements!C2:C21,Placements!B2:B21<>""),-1,_xlfn._xlws.FILTER(Placements!B2:B21,Placements!B2:B21<>""),1),3),"")} -> 13 | D19: {=IFERROR(INDEX(_xlfn.SORTBY(_xlfn._xlws.FILTER(Placements!H2:H21,Placements!B2:B21<>""),_xlfn._xlws.FILTER(Placements!C2:C21,Placements!B2:B21<>""),-1,_xlfn._xlws.FILTER(Placements!B2:B21,Placements!B2:B21<>""),1),3),"")} -> 32 | E19: ='Golden Snitch'!A4 -> Corn HoleSanders | F19: ='Golden Snitch'!B4 -> Rick Devens | G19: =IF(ISNUMBER(VLOOKUP(F19,Placements!A:B,2,FALSE)),"❌ Out","✅ Yes") -> ❌ Out
A20: {=IFERROR(INDEX(_xlfn.SORTBY(_xlfn._xlws.FILTER(Placements!A2:A21,Placements!B2:B21<>""),_xlfn._xlws.FILTER(Placements!C2:C21,Placements!B2:B21<>""),-1,_xlfn._xlws.FILTER(Placements!B2:B21,Placements!B2:B21<>""),1),4),"")} -> Rizo Velovic | B20: {=IFERROR(INDEX(_xlfn.SORTBY(_xlfn._xlws.FILTER(Placements!D2:D21,Placements!B2:B21<>""),_xlfn._xlws.FILTER(Placements!C2:C21,Placements!B2:B21<>""),-1,_xlfn._xlws.FILTER(Placements!B2:B21,Placements!B2:B21<>""),1),4),"")} -> Christopher Smith | C20: {=IFERROR(INDEX(_xlfn.SORTBY(_xlfn._xlws.FILTER(Placements!C2:C21,Placements!B2:B21<>""),_xlfn._xlws.FILTER(Placements!C2:C21,Placements!B2:B21<>""),-1,_xlfn._xlws.FILTER(Placements!B2:B21,Placements!B2:B21<>""),1),4),"")} -> 13 | D20: {=IFERROR(INDEX(_xlfn.SORTBY(_xlfn._xlws.FILTER(Placements!H2:H21,Placements!B2:B21<>""),_xlfn._xlws.FILTER(Placements!C2:C21,Placements!B2:B21<>""),-1,_xlfn._xlws.FILTER(Placements!B2:B21,Placements!B2:B21<>""),1),4),"")} -> 21 | E20: ='Golden Snitch'!A5 -> Christopher Smith | F20: ='Golden Snitch'!B5 -> Jonathan Young | G20: =IF(ISNUMBER(VLOOKUP(F20,Placements!A:B,2,FALSE)),"❌ Out","✅ Yes") -> ❌ Out

Sheet Placements (2)
A1: Player | B1: Placement | C1: Episode | D1: Team | E1: Base Points | F1: Top3 Bonus | G1: Winner Bonus | H1: Total Points
A2: Benjamin Wade | B2: 12 | C2: 8 | D2: Christopher Smith (Coach) | E2: =IF(B2<>"",25-B2,"") -> 13 | F2: =IF(B2<>"",IF(B2<=3,10,0),"") -> 0 | G2: =IF(B2<>"",IF(B2=1,10,0),"") -> 0 | H2: =IF(B2<>"",E2+F2+G2,"") -> 13
A3: Chrissy Hofbeck | B3: 12 | C3: 8 | D3: Christopher Smith (Coach) | E3: =IF(B3<>"",25-B3,"") -> 13 | F3: =IF(B3<>"",IF(B3<=3,10,0),"") -> 0 | G3: =IF(B3<>"",IF(B3=1,10,0),"") -> 0 | H3: =IF(B3<>"",E3+F3+G3,"") -> 13
A4: Colby Donaldson | B4: 15 | C4: 6 | D4: Christopher Smith (Coach) | E4: =IF(B4<>"",25-B4,"") -> 10 | F4: =IF(B4<>"",IF(B4<=3,10,0),"") -> 0 | G4: =IF(B4<>"",IF(B4=1,10,0),"") -> 0 | H4: =IF(B4<>"",E4+F4+G4,"") -> 10
A5: Genevieve Mushaluk | B5: 15 | C5: 6 | D5: Christopher Smith (Coach) | E5: =IF(B5<>"",25-B5,"") -> 10 | F5: =IF(B5<>"",IF(B5<=3,10,0),"") -> 0 | G5: =IF(B5<>"",IF(B5=1,10,0),"") -> 0 | H5: =IF(B5<>"",E5+F5+G5,"") -> 10
A6: Mike White | B6: 20 | C6: 4 | D6: Christopher Smith (Coach) | E6: =IF(B6<>"",25-B6,"") -> 5 | F6: =IF(B6<>"",IF(B6<=3,10,0),"") -> 0 | G6: =IF(B6<>"",IF(B6=1,10,0),"") -> 0 | H6: =IF(B6<>"",E6+F6+G6,"") -> 5
A7: Savannah Louie | B7: 22 | C7: 2 | D7: Christopher Smith (Coach) | E7: =IF(B7<>"",25-B7,"") -> 3 | F7: =IF(B7<>"",IF(B7<=3,10,0),"") -> 0 | G7: =IF(B7<>"",IF(B7=1,10,0),"") -> 0 | H7: =IF(B7<>"",E7+F7+G7,"") -> 3
A8: Aubry Bracco | B8: 1 | C8: 13 | D8: Lottie Smith (Coach) | E8: =IF(B8<>"",25-B8,"") -> 24 | F8: =IF(B8<>"",IF(B8<=3,10,0),"") -> 10 | G8: =IF(B8<>"",IF(B8=1,10,0),"") -> 10 | H8: =IF(B8<>"",E8+F8+G8,"") -> 44
A9: Cirie Fields | B9: 6 | C9: 12 | D9: Lottie Smith (Coach) | E9: =IF(B9<>"",25-B9,"") -> 19 | F9: =IF(B9<>"",IF(B9<=3,10,0),"") -> 0 | G9: =IF(B9<>"",IF(B9=1,10,0),"") -> 0 | H9: =IF(B9<>"",E9+F9+G9,"") -> 19
A10: Jenna Lewis-Dougherty | B10: 24 | C10: 1 | D10: Lottie Smith (Coach) | E10: =IF(B10<>"",25-B10,"") -> 1 | F10: =IF(B10<>"",IF(B10<=3,10,0),"") -> 0 | G10: =IF(B10<>"",IF(B10=1,10,0),"") -> 0 | H10: =IF(B10<>"",E10+F10+G10,"") -> 1
A11: Kyle Fraser | B11: 23 | C11: 1 | D11: Lottie Smith (Coach) | E11: =IF(B11<>"",25-B11,"") -> 2 | F11: =IF(B11<>"",IF(B11<=3,10,0),"") -> 0 | G11: =IF(B11<>"",IF(B11=1,10,0),"") -> 0 | H11: =IF(B11<>"",E11+F11+G11,"") -> 2
A12: Quintavius Burdette | B12: 21 | C12: 3 | D12: Lottie Smith (Coach) | E12: =IF(B12<>"",25-B12,"") -> 4 | F12: =IF(B12<>"",IF(B12<=3,10,0),"") -> 0 | G12: =IF(B12<>"",IF(B12=1,10,0),"") -> 0 | H12: =IF(B12<>"",E12+F12+G12,"") -> 4
A13: Stephenie LaGrossa | B13: 10 | C13: 10 | D13: Lottie Smith (Coach) | E13: =IF(B13<>"",25-B13,"") -> 15 | F13: =IF(B13<>"",IF(B13<=3,10,0),"") -> 0 | G13: =IF(B13<>"",IF(B13=1,10,0),"") -> 0 | H13: =IF(B13<>"",E13+F13+G13,"") -> 15
... A25: Tiffany Ervin | B25: 5 | C25: 13 | D25: Ryan Dirting (Coach) | E25: =IF(B25<>"",25-B25,"") -> 20 | F25: =IF(B25<>"",IF(B25<=3,10,0),"") -> 0 | G25: =IF(B25<>"",IF(B25=1,10,0),"") -> 0 | H25: =IF(B25<>"",E25+F25+G25,"") -> 20
